#chrom	chromStart	chromEnd	name	period	copyNum	consensusSize	perMatch	perIndel	score	A	C	G	T	entropy	sequence
NC_063383.1	4679	4806	AACTAACTTATGACTT	16	7.9	16	100	0	254	37	18	6	37	1.77	AACTAACTTATGACTT
NC_063383.1	133077	133102	T	1	25.0	1	100	0	50	0	0	0	100	0.00	T
NC_063383.1	136512	136569	ATC	3	19.0	3	91	7	89	33	29	1	35	1.68	ATC
NC_063383.1	140104	140144	ATAACAATT	9	4.4	9	100	0	80	57	10	0	32	1.32	ATAACAATT
NC_063383.1	140104	140162	ATAACAATTATAATTG	27	2.1	27	87	0	80	53	6	1	37	1.38	ATAACAATTATAATTGTTATAACAATT
NC_063383.1	140111	140171	TTATAACAATTATAAT	18	3.3	18	90	0	84	48	5	3	43	1.41	TTATAACAATTATAATTG
NC_063383.1	140138	140173	TTATAATTG	9	3.9	9	84	0	52	40	0	5	54	1.24	TTATAATTG
NC_063383.1	141975	142021	AATGATAAAGATATAG	24	1.9	24	86	8	67	50	0	15	34	1.44	AATGATAAAGATATAGATATTAAT
NC_063383.1	146847	146907	TATATTTTATTT	12	4.8	12	88	11	86	26	0	0	73	0.84	TATATTTTATTT
NC_063383.1	146847	146912	TATATTTTATATTTTA	19	3.4	19	95	4	114	26	0	0	73	0.83	TATATTTTATATTTTATTT
NC_063383.1	146854	146912	TATTTTA	7	8.9	7	85	14	88	25	0	0	74	0.82	TATTTTA
NC_063383.1	150543	150628	TATGATGGA	9	9.7	9	93	5	147	35	0	30	34	1.58	TATGATGGA
NC_063383.1	150543	150628	TATGATGGATATGATG	17	4.8	18	95	2	147	35	0	30	34	1.58	TATGATGGATATGATGGA
NC_063383.1	150543	150628	TATGATGGATATGATG	26	3.2	27	93	5	147	35	0	30	34	1.58	TATGATGGATATGATGGATATGATGGA
NC_063383.1	163189	163214	TAAC	4	6.2	4	100	0	50	48	24	0	28	1.52	TAAC
NC_063383.1	166090	166116	AATAATT	7	3.7	7	100	0	52	61	0	0	38	0.96	AATAATT
NC_063383.1	169721	169774	CAGATA	6	8.8	6	100	0	106	49	16	16	16	1.81	CAGATA
NC_063383.1	173273	173317	AT	2	22.0	2	100	0	88	50	0	0	50	1.00	AT
NC_063383.1	174518	174547	GATGAA	6	4.8	6	100	0	58	48	0	34	17	1.47	GATGAA
NC_063383.1	179076	179243	ATATACATT	9	18.6	9	100	0	334	44	10	0	44	1.39	ATATACATT
NC_063383.1	192403	192530	AGTCATAAGTTAGTTA	16	7.9	16	100	0	254	37	6	18	37	1.77	AGTCATAAGTTAGTTA
NC_063383.1	197000	197120	CTCTTTCTGATGGGTC	33	3.5	33	69	19	95	26	22	13	37	1.91	CTCTTTCTGATGGGTCTCACAAAAATATTAAAC
